ID,Firstname,Lastname,Sponsor,Notes,Citation
33,Nicolas ,Batum,Nike,half a million dollar deal,
100,Antonius,Cleveland,,,
101,John,Collins,,,
102,Zach,Collins,,,
103,Kyle,Collinsworth,,,
104,Darren,Collison,,,
105,Nick,Collison,,,
106,Mike,Conley,Jordan(Nike),,https://www.forbes.com/profile/mike-conley-jr/#2514a88f3289
107,Pat,Connaughton,,,
108,Quinn,Cook,,,
109,Charles,Cooke,,,
11,Al-Farouq,Aminu,,,
110,Jack,Cooley,,,
111,Matt,Costello,,,
112,DeMarcus,Cousins,Mikuni,,http://www.demarcuscousins.com/bio/#
112,DeMarcus,Cousins,VSP Global,,
112,DeMarcus,Cousins,Chase Chevy,,
112,DeMarcus,Cousins,Puma,,"https://www.goldenstateofmind.com/2018/10/4/17938836/2018-nba-sneakers-warriors-demarcus-cousins-signs-endorsement-with-puma-will-nike-match, https://solecollector.com/news/2018/10/demarcus-cousins-signs-puma-deal,"
113,Robert,Covington,,,
114,Allen,Crabbe,,,
115,Torrey,Craig,,,
116,Jamal,Crawford,Adidas,,https://www.jamalcrawford.com/partners
117,Jordan,Crawford,,,
118,Jae,Crowder,,,
119,Dante,Cunningham,,,
12,Justin,Anderson,,,
120,Stephen,Curry,Under Armour,$42M with endorsements,
120,Stephen,Curry,Chase,,https://www.ibtimes.com/steph-curry-net-worth-gsw-salary-endorsements-ahead-nba-finals-game-3-2797854
120,Stephen,Curry,Nissan/Infiniti,,https://www.forbes.com/profile/stephen-curry/#5caba477437c
120,Stephen,Curry,Vivo,,https://www.sportskeeda.com/basketball/stephen-curry-net-worth
120,Stephen,Curry,eHi,,
120,Stephen,Curry,Brita,,
120,Stephen,Curry,Bubble,,
120,Stephen,Curry,JBL,,
120,Stephen,Curry,Sony Pictures,,
120,Stephen,Curry,Rakuten,,https://sponsorpitch.com/properties/stephen-curry
120,Stephen,Curry,Palm,,https://www.cnbc.com/2019/02/15/nba-stars-james-curry-and-durant-make-more-money-off-the-court.html
120,Stephen,Curry,CryptoKitties,,
120,Stephen,Curry,PressPlay,,https://bleacherreport.com/articles/2779254-stephen-curry-net-worth-breaking-down-his-salary-shoe-contract-and-more
121,Troy,Daniels,,,
122,Anthony,Davis,Nike,,
122,Anthony,Davis,ExxonMobil,,https://www.forbes.com/profile/anthony-davis/#4429c4ac7fa6
122,Anthony,Davis,Saks Inc.,,
122,Anthony,Davis,Foot Locker,,
122,Anthony,Davis,Red Bull,,https://sponsorpitch.com/properties/anthony-davis
122,Anthony,Davis,Ruffles(Frito-Lay),,https://www.prnewswire.com/news-releases/six-time-nba-all-star-anthony-davis-signs-first-ever-chip-deal-with-ruffles-official-chip-of-the-nba-300870603.html
123,Deyonta,Davis,,,
124,Ed,Davis,,,
125,Dewayne,Dedmon,,,
126,Sam,Dekker,,,
127,Malcolm,Delaney,,,
128,Matthew,Dellavedova,,,
129,Luol,Deng,,,
13,Kyle,Anderson,,,
130,DeMar,DeRozan,Spalding,$5M from endorsements (https://www.celebritynetworth.com/richest-athletes/nba/demar-derozan-net-worth/),https://www.forbes.com/profile/demar-derozan/#133ad99324b6
130,DeMar,DeRozan,Nike,,
130,DeMar,DeRozan,Gatorade,,https://www.sportskeeda.com/basketball/demar-derozan-net-worth
131,Cheick,Diallo,,,
132,Gorgui,Dieng,,,
133,Spencer,Dinwiddie,,,
134,Tyler,Dorsey,,,
135,Damyean,Dotson,,,
136,Milton,Doyle,,,
137,PJ,Dozier,,,
138,Goran,Dragic,,,
139,Larry,Drew,,,
14,Ryan,Anderson,,,
140,Andre,Drummond,Panini,$1M from endorsements,https://www.forbes.com/profile/andre-drummond/#433f315c5e9b
140,Andre,Drummond,AT&T,,
140,Andre,Drummond,Gillette,,
140,Andre,Drummond,Nike,,
141,Jared,Dudley,,,
142,Kris,Dunn,,,
143,Kevin,Durant,Google,$35M from endorsements,https://www.forbes.com/profile/kevin-durant/#13e0304b377e
143,Kevin,Durant,Alaska Air Group,,
143,Kevin,Durant,Nike,,
143,Kevin,Durant,American Family Insurance,,https://digiday.com/media/nba-star-kevin-durant-turning-athlete-endorsements-media-deals/
143,Kevin,Durant,Panini,,https://www.wearebasket.net/top-endorsement-earners-in-the-nba/
143,Kevin,Durant,Beats (Apple),Media Deals,https://www.cnbc.com/2019/02/15/nba-stars-james-curry-and-durant-make-more-money-off-the-court.html
143,Kevin,Durant,ESPN,,
143,Kevin,Durant,YouTube,,
143,Kevin,Durant,Postmates,Investments,
143,Kevin,Durant,Lime,,
143,Kevin,Durant,Rubrik,,
143,Kevin,Durant,Master & Dynamic,,https://bleacherreport.com/articles/2837327-kevin-durant-net-worth-breaking-down-his-salary-shoe-contract-and-more
144,Jarell,Eddie,,,
145,Henry,Ellenson,,,
146,Wayne,Ellington,,,
147,Joel,Embiid,Under Armour,,
147,Joel,Embiid,HyperX (Kingston Technology),,https://www.hyperxgaming.com/us/company/press/article/42880
147,Joel,Embiid,Hulu,,https://www.12up.com/posts/6302358-joel-embiid-announces-hulu-endorsement-deal-in-typically-comical-fashion-on-instagram
148,James,Ennis,,,
149,Tyler,Ennis,,,
15,Ike,Anigbogu,,,
150,Jawun,Evans,,,
151,Jeremy,Evans,,,
152,Tyreke,Evans,,,
153,Dante,Exum,,,
154,Kenneth,Faried,,,
155,Derrick,Favors,,,
156,Kay,Felder,,,
157,Cristiano,Felicio,,,
158,Raymond,Felton,,,
159,Terrance,Ferguson,2K Sports,$19M from endorsements,https://www.forbes.com/profile/giannis-antetokounmpo/#54d3dd8d6eba
16,Giannis,Antetokounmpo,Hulu,,
16,Giannis,Antetokounmpo,Nike,$9M annual pay,
16,Giannis,Antetokounmpo,T-Mobile,,https://sponsorpitch.com/properties/giannis-antetokounmpo
16,Giannis,Antetokounmpo,TCL Corporation,,
16,Giannis,Antetokounmpo,JBL,,https://bleacherreport.com/articles/2837508-giannis-antetokounmpo-net-worth-breaking-down-salary-shoe-contract-and-more
16,Giannis,Antetokounmpo,Tissot,,
16,Giannis,Antetokounmpo,Kronos Food,,
16,Giannis,Antetokounmpo,BMO Harris,,https://www.sportskeeda.com/basketball/giannis-antetokounmpo-net-worth
160,Yogi,Ferrell,,,
161,Dorian,Finney-Smith,,,
162,Bryn,Forbes,,,
163,Evan,Fournier,,,
164,DeAaron,Fox,HyperX (Kingston Technology),,http://www.netimperative.com/2019/01/kingston-rolls-out-esports-gaming-campaign-with-post-malone/
164,DeAaron,Fox,Nike,,https://www.forbes.com/sites/wesgoldberg/2019/06/18/deaaron-fox-nike-collaboration-offseason-sacramento-kings/#72379b687603
165,Tim,Frazier,,,
166,Channing,Frye,,,
167,Markelle,Fultz,Nike,,"2, https://www.nbcsports.com/boston/boston-celtics/markelle-fultz-agrees-endorsement-deal-nike"
168,Danilo,Gallinari,,,
169,Langston,Galloway,,,
17,Carmelo,Anthony,Panini,$6M from endorsements,https://www.forbes.com/profile/carmelo-anthony/#58163481c42e
17,Carmelo,Anthony,Foot Locker,,
17,Carmelo,Anthony,Nike,,
170,Marc,Gasol,San Miguel,$1M from endorsements,https://www.forbes.com/profile/marc-gasol/#1f765c2d6add
170,Marc,Gasol,Nike,,
171,Pau,Gasol,San Miguel,$2.5M from endorsements,https://www.forbes.com/profile/pau-gasol/#74b9151a1806
171,Pau,Gasol,Banco Popular Espanol,,
171,Pau,Gasol,Nike,,
172,Rudy,Gay,Puma,,https://news4sanantonio.com/sports/rudy-gay-inks-shoe-deal-with-puma
173,Paul,George,New Era,$8M from endorsements,https://www.forbes.com/profile/paul-george/#40e130d1489c
173,Paul,George,Bass Pro Shops,,
173,Paul,George,Foot Locker,,
173,Paul,George,Gatorade,,
173,Paul,George,Nike,,
174,Marcus,Georges-Hunt,,,
175,Jonathan,Gibson,,,
176,Taj,Gibson,,,
177,Manu,Ginobili,,,
178,Rudy,Gobert,,,
179,Aaron,Gordon,,,
18,OG,Anunoby,,,
180,Eric,Gordon,,,
181,Marcin,Gortat,,,
182,Treveon,Graham,,,
183,Jerami,Grant,,,
184,Jerian,Grant,,,
185,Josh,Gray,,,
186,Danny,Green,Puma,,https://bleacherreport.com/articles/2799992-danny-green-puma-reportedly-agree-to-multi-year-shoe-contract
187,Draymond,Green,Verizon,~ $4M from endorsements,https://www.forbes.com/sites/kurtbadenhausen/2017/03/09/warriors-draymond-green-wants-to-be-a-billionaire-before-he-turns-40/#6c8cae765f90
187,Draymond,Green,Nike,,
188,Gerald,Green,Adidas,,https://rocketswire.usatoday.com/2018/02/26/gerald-green-adidas-shoe-deal/
189,JaMychal,Green,,,
19,Ryan,Arcidiacono,,,
190,Jeff,Green,,,
191,Blake,Griffin,Panini,$7M from endorsements,https://www.forbes.com/profile/blake-griffin/#4720ccdf3279
191,Blake,Griffin,Nike,,
191,Blake,Griffin,Red Bull,,
191,Blake,Griffin,15 seconds of Fame,,https://sponsorpitch.com/properties/blake-griffin
191,Blake,Griffin,Flagstar Bank,,
191,Blake,Griffin,WinView,,
192,Daniel,Hamilton,,,
193,Tim,Hardaway,,,
194,James,Harden,BodyArmor,$17M from endorsements,https://www.forbes.com/profile/james-harden/#5424cbba10aa
194,James,Harden,Adidas,,
194,James,Harden,Electronic Arts,,
194,James,Harden,State Farm,,
194,James,Harden,Beats by Dre,,https://www.thestreet.com/lifestyle/sports/james-harden-net-worth-14770681
194,James,Harden,Foot Locker,,https://www.sportskeeda.com/basketball/james-harden-net-worth
194,James,Harden,BBVA Compass,,https://www.forbes.com/sites/kurtbadenhausen/2018/02/17/the-2018-nba-all-stars-players-who-earn-the-most-from-endorsements/#11c70b421755
194,James,Harden,New Era,,
194,James,Harden,Trolli,,
10,Tony,Allen,,,
195,Maurice,Harkless,,,
196,Montrezl,Harrell,,,
197,Devin,Harris,,,
198,Gary,Harris,,,
199,Joe,Harris,,,
2,Quincy,Acy,,,
20,Trevor,Ariza,,,
200,Tobias,Harris,,,
201,Aaron,Harrison,,,
202,Andrew,Harrison,,,
203,Shaquille,Harrison,,,
204,Josh,Hart,Turtle Beach,,https://sponsorpitch.com/properties/josh-hart
205,Udonis,Haslem,,,
206,Nigel,Hayes,,,
207,Gordon,Hayward,Panini,$3M from endorsements,https://www.forbes.com/profile/gordon-hayward/#2c20aa9c1fff
207,Gordon,Hayward,Anta Sports Products,,
207,Gordon,Hayward,Comcast,,
207,Gordon,Hayward,Dick's Sporting Goods,,
207,Gordon,Hayward,Fanatics,,
208,Reggie,Hearn,,,
209,Myke,Henry,,,
21,Darrell,Arthur,,,
210,John,Henson,,,
211,Juan,Hernangomez,,,
212,Willy,Hernangomez,,,
213,Mario,Hezonja,,,
214,Isaiah,Hicks,,,
215,Buddy,Hield,,,
216,Nene,Hilario,,,
217,George,Hill,,,
218,Solomon,Hill,,,
219,Darrun,Hilliard,,,
22,Jamel,Artis,,,
220,Jrue,Holiday,,,
221,Justin,Holiday,,,
222,John,Holland,,,
223,Rondae,Hollis-Jefferson,,,
224,Richaun,Holmes,,,
225,Rodney,Hood,,,
226,Scotty,Hopson,,,
227,Al ,Horford,Panini,,
227,Al ,Horford,Dunkin Donuts,,
227,Al ,Horford,Banco Popular,Financial Services conglomerate operating in Puerta Rico.,
227,Al ,Horford,Intel ,Brand Endorsement,
227,Al ,Horford,Nike,,
227,Al ,Horford,Unilever,British-Dutch transnational consumer goods company headquartered in London.,
227,Al ,Horford,MilkPEP,Milk proccessor education program,
228,Danuel,House,,,
229,Dwight ,Howard,Peak Sports,"2015 Howard inked a deal with Chinese shoe brand Peak in, previuously signed with adidas",
23,Omer,Asik,,,
230,Josh,Huestis,,,
231,R.J.,Hunter,,,
232,Vince,Hunter,,,
233,Serge ,Ibaka,Panini,,
233,Serge ,Ibaka,Dunkin Donuts,,
233,Serge ,Ibaka,Banco Popular,A Puerto Rican Financial services conglomerate ,
233,Serge ,Ibaka,Intel,,
233,Serge ,Ibaka,Nike,,
233,Serge ,Ibaka,Unilever,brand endorsement specifically for indonesian and asian markets,
233,Serge ,Ibaka,MilkPEP,Help promotes and educates the population on milk,
234,Andre ,Igoudala,Nike,,
234,Andre ,Igoudala,Jumia,Serves on board of directors for tech venture Jumia,
234,Andre ,Igoudala,The Sixth Man,Author of memoir that has been a New York Times bestseller,
235,Ersan,Ilyasova,,,
236,Joe,Ingles,,,
237,Andre,Ingram,,,
238,Brandon ,Ingram,Adidas,,
238,Brandon ,Ingram,Prestige wine and Spirits,Brand abbassador ,
239,Kyrie ,Irving,Nike,Irving's Nike shoe is among the NBA's top sellers - only LeBron James outsold him in 2017-18 - and the point guard also graced the cover of 2K18.,
239,Kyrie ,Irving,Pepsi,A viral Pepsi ad campaign featuring Irving as the elderly Uncle Drew eventually led to a 2018 feature film; Irving has partial ownership of the character.,
24,D.J.,Augustin,,,
240,Jonathan,Isaac,,,
241,Wesley,Iwundu,,,
242,Jarrett,Jack,,,
243,Aaron,Jackson,,,
244,Demetrius,Jackson,,,
245,Josh,Jackson,,,
246,Justin,Jackson,,,
247,Reggie,Jackson,,,
248,LeBron ,James,Nike,"2003-2010, annual earnings of 12.9 Million",
248,LeBron ,James,Sprite,"2003-2009, appeared in numerous commercials most famously as an animated figure",
248,LeBron ,James,Upper Deck,"2003-2008, 1 million dollars annually",
248,LeBron ,James,Beats Electronics,"2008- Present, 4 million annually and routinely wears them during NBA activities",
248,LeBron ,James,State Farm insurance,2008-Present,
248,LeBron ,James,Upper Deck,"2008-Present, Renegotiated deal for increased commisions on percentage sales, 1 million annually",
248,LeBron ,James,Sprite ,Renegotiated deal to increase annual earnings to 2.5 million annually in 2009,
248,LeBron ,James,McDonalds ,"2010-2013, 4.5 million annual earnings",
248,LeBron ,James,Nike,"2010-2015 , 20 million annual salary",
248,LeBron ,James,Audemar Piguet,"2011-Present, 4 million per year",
248,LeBron ,James,Dunkin Donuts,"2012- Present, ",
248,LeBron ,James,Samsung,"2012-2017, consumer electronics giant with global brand endorsement",
248,LeBron ,James,McDonalds ,"2013-2015, renegotiated deal but official annual earnings not reported.",
248,LeBron ,James,Blaze Pizza,own 14 Blaze Pizza franchises in Chicago and seven in South Florida. He is also an investor and paid endorser for the company.,
248,LeBron ,James,Nike,"2015- Present, 30 Million per year lifetime contract. ",
248,LeBron ,James,Verizon ,"2016-2019, 3 million annually",
248,LeBron ,James,Intel,"2017-Presnt, 4.5 Million Annually",
248,LeBron ,James,Rimowa,"brand endorser, primarily modeling and social media influencing",
248,LeBron ,James,Springhill Entertainment,"his very own production company, inked deals with HBO",
248,LeBron ,James,Uninterupted,His very own media company engaging in barbersop talks with prominent figures.,
248,LeBron ,James,Ladder,"teamed up with Cindy Crawford, Arnold Schwarzenegger and Lindsey Vonn in 2018 to launch Ladder, a health and wellness company.",
248,LeBron ,James,Lebron James Family Foundation.,opened its first elementary school in 2018 and plans to spend $41 million to send kids to college.,
249,Mike,James,,,
25,Luke,Babbitt,,,
250,Al,Jefferson,,,
251,Richard,Jefferson,,,
252,Brandon,Jennings,,,
253,Jonas,Jerebko,,,
254,Amir,Johnson,,,
255,Brice,Johnson,,,
256,Dakari,Johnson,,,
257,James,Johnson,,,
258,Joe,Johnson,,,
259,Omari,Johnson,,,
26,Dwayne,Bacon,,,
260,Stanley,Johnson,,,
261,Tyler,Johnson,,,
262,Wesley,Johnson,,,
263,Nikola,Jokic,,,
264,Damian,Jones,,,
265,Derrick,Jones,,,
266,Jalen,Jones,,,
267,Tyus,Jones,,,
268,DeAndre ,Jordan,Nike,Deal worth about 1 million,
269,Cory,Joseph,,,
27,Ron,Baker,,,
270,Frank,Kaminsky,,,
271,Enes,Kanter,,,
272,Luke,Kennard,,,
273,Michael,Kidd-Gilchrist,,,
274,Sean,Kilpatrick,,,
275,Maxi,Kleber,,,
276,Furkan,Korkmaz,,,
277,Luke,Kornet,,,
278,Kyle,Korver,,,
279,Kosta,Koufos,,,
28,Wade,Baldwin,,,
280,Kyle ,Kuzma,Nike,,
280,Kyle ,Kuzma,GOAT,a rare sneaker re-selling platform,
281,Mindaugas,Kuzminskas,,,
282,Skal,Labissiere,,,
283,Jeremy,Lamb,,,
284,Shane,Larkin,,,
285,Joffrey,Lauvergne,,,
286,Zach ,Lavine,Adidas,35 million dollar deal,
287,Jake,Layman,,,
288,T.J.,Leaf,,,
289,Courtney,Lee,,,
29,Lonzo ,Ball,Big Baller Brand,,
290,Damion,Lee,,,
291,Walt,Lemon,,,
292,Alex,Len,,,
293,Kawhi,Leonard,,,
294,Meyers,Leonard,,,
295,Jon,Leuer,,,
296,Caris,LeVert,,,
297,DeAndre,Liggins,,,
298,Damian ,Lillard,Panini,,
298,Damian ,Lillard,Hulu,Promotes hulu live sports platform in commercials and interviews,
298,Damian ,Lillard,Adidas,Ten year deal at about a total of 110 million,
299,Jeremy ,Lin,Volvo,"2014, signed endorsement for american arm of swedish automaker",
299,Jeremy ,Lin,Adidas,also signed breif deal in 2014 particularly to attract large asian market overseas,
299,Jeremy ,Lin,Tagheur,,
3,Steven,Adams,,,
30,J.J.,Barea,,,
300,Shaun,Livingston,,,
301,Kevon,Looney,,,
302,Brook,Lopez,,,
303,Robin,Lopez,,,
304,Kevin ,Love,Old Spice,appeared in several commercials prmoting brand,
304,Kevin ,Love,Upper Deck,,
304,Kevin ,Love,Panini,,
304,Kevin ,Love,American Greetings,,
304,Kevin ,Love,Nike,"been wearing their shoes his whole career, in particular the hyperdunk",
305,Kyle ,Lowry,Axe,Axe canada sponsorship who makes regular appearences in vimeo productions,
305,Kyle ,Lowry,Google,Endorses Google home mini,
305,Kyle ,Lowry,Adidas,,
306,Timothe,Luwawu-Cabarrot,,,
307,Tyler,Lydon,,,
308,Trey,Lyles,,,
309,Shelvin,Mack,,,
31,Harrison ,Barnes,Harman International,Brand endorser,
31,Harrison ,Barnes,United Sports Brands,,
31,Harrison ,Barnes,Hy-Vee,Platform to promote health and fitness,
31,Harrison ,Barnes,PepsiCo,,
310,Josh,Magette,,,
311,Ian,Mahinmi,,,
312,Thon,Maker,,,
313,Boban,Marjanovic,,,
314,Lauri,Markkanen,,,
315,Jarell,Martin,,,
316,Frank,Mason,,,
317,Mangok,Mathiang,,,
318,Wesley,Matthews,,,
319,Luc,Moute,,,
32,Will,Barton,,,
320,James,McAdoo,,,
321,Patrick,McCaw,,,
322,CJ ,McCollum,Beats Electronics,wears their products in nba activities,
322,CJ ,McCollum,Moda Health,,
322,CJ ,McCollum,Li Ning,Lucrative shoe deal based out of china,
322,CJ ,McCollum,Panini,,
323,T.J.,McConnell,,,
324,Erik,McCree,,,
325,Chris,McCullough,,,
326,Doug,McDermott,,,
327,JaVale,McGee,,,
328,Rodney,McGruder,,,
329,Trey,McKinney-Jones,,,
33,Nicolas,Batum,,,
330,Alfonzo,McKinnie,,,
331,Ben,McLemore,,,
332,Josh,McRoberts,,,
333,Jodie,Meeks,,,
334,Salah,Mejri,,,
335,Jordan,Mickey,,,
336,Khris,Middleton,,,
337,C.J.,Miles,,,
338,Darius,Miller,,,
339,Malcolm,Miller,,,
34,Jerryd,Bayless,,,
340,Patty,Mills,,,
341,Paul,Millsap,,,
342,Nikola,Mirotic,,,
343,Donovan,Mitchell,Stance,2018,https://www.sportsbusinessdaily.com/Daily/Issues/2018/12/11/Marketing-and-Sponsorship/Stance.aspx
343,Donovan,Mitchell,Adidas,2017,https://thespun.com/acc/louisville/donovan-mitchell-adidas-deal
343,Donovan,Mitchell,Vivint Smart Home,2018,https://www.vivint.com/company/newsroom/press/vivint-smart-home-teams-up-with-donovan-mitchell-and-rudy_gobert_utah_jazz
343,Donovan,Mitchell,BODYARMOR Sports Drink,2019,https://www.slcdunk.com/utah-jazz-social-media-take-note/2019/1/23/18194413/donovan-mitchell-sponsorship-deal-signs-with-bodyarmor-adidas-stance-kobe-bryant
344,Naz,Mitrou-Long,,,
345,Malik,Monk,,,
346,Greg,Monroe,,,
347,Luis,Montero,,,
348,Ben,Moore,,,
349,ETwaun,Moore,,,
35,Aron,Baynes,,,
350,Eric,Moreland,,,
351,Jaylen,Morris,,,
352,Marcus,Morris,,,
353,Markieff,Morris,,,
354,Monte,Morris,,,
355,Johnathan,Motley,,,
356,Timofey,Mozgov,,,
357,Emmanuel,Mudiay,Under Armour,2014,https://www.cbssports.com/college-basketball/news/emmanuel-mudiay-signs-contract-with-under-armour/
358,Shabazz,Muhammad,,,
359,Xavier,Munford,,,
36,Kent,Bazemore,,,
360,Dejounte,Murray,,,
361,Jamal,Murray,,,
362,Mike,Muscala,,,
363,Abdel,Nader,,,
364,Larry,Nance,,,
365,Shabazz,Napier,,,
366,Jameer,Nelson,,,
367,Raul,Neto,,,
368,Georges,Niang,,,
369,Joakim,Noah,Adidas,2014,https://sponsorpitch.com/properties/joakim-noah
37,Bradley,Beal,Panini,,https://www.forbes.com/profile/bradley-beal/#6bcbc6e5a157
37,Bradley,Beal,Nike,2012,https://solecollector.com/news/2012/10/bradley-beal-to-sign-deal-with-nike
37,Bradley,Beal,Old Spice,2011,https://www.forbes.com/profile/bradley-beal/#6bcbc6e5a157
37,Bradley,Beal,Tissot,2019,https://www.forbes.com/profile/bradley-beal/#6bcbc6e5a157
37,Bradley,Beal,PepsiCo,,https://www.forbes.com/profile/bradley-beal/#6bcbc6e5a157
37,Bradley,Beal,Verizon Communications,2018,https://www.forbes.com/profile/bradley-beal/#6bcbc6e5a157
370,Nerlens,Noel,Reebok,2013-2014,https://www.sportsbusinessdaily.com/Daily/Issues/2013/09/16/Marketing-and-Sponsorship/Nerlens-Noel.aspx
371,Lucas,Nogueira,GoDaddy,2017,https://twitter.com/bebe92/status/850744397939474435?lang=en
372,Dirk,Nowitzki,Nike,,https://www.forbes.com/profile/dirk-nowitzki/#3a86defb2060
372,Dirk,Nowitzki,Panini,,https://www.forbes.com/profile/dirk-nowitzki/#3a86defb2060
372,Dirk,Nowitzki,ING-DiBa,"2003-2017, $500,000",http://www.sportspromedia.com/news/nba_star_dirk_nowitzki_renews_ing_diba_contract
373,Frank,Ntilikina,,,
374,Jusuf,Nurkic,,,
375,David,Nwaba,,,
376,Johnny,O'Bryant,,,
377,Royce,O'Neale,,,
378,Kyle,O'Quinn,,,
379,Semi,Ojeleye,,,
38,Malik,Beasley,,,
380,Emeka,Okafor,,,
381,Jahlil,Okafor,,,
382,Victor,Oladipo,WME,2018,https://bleacherreport.com/articles/2783746-victor-oladipo-signs-with-wme-for-representation-in-music-endorsements-more
383,Kelly,Olynyk,,,
384,Chinanu,Onuaku,,,
385,Cedi,Osman,,,
386,Kelly,Oubre,,,
387,Zaza,Pachulia,,,
388,Marcus,Paige,,,
389,Georgios,Papagiannis,,,
39,Michael,Beasley,,,
390,Jabari,Parker,,,
391,Tony,Parker,LDLC.com,2013,http://www.sportspromedia.com/news/tony_parker_signs_french_endorsement
391,Tony,Parker,Nike,before 2013,https://sgbonline.com/report-tony-parker-exiting-nike-for-peak-sports/
391,Tony,Parker,Peak,"2013-2016, $1.2m",https://sgbonline.com/report-tony-parker-exiting-nike-for-peak-sports/
392,Chandler,Parsons,Jordan Brand,2016,https://www.sportsbusinessdaily.com/Daily/Issues/2015/03/10/Marketing-and-Sponsorship/Anta-Parsons.aspx
392,Chandler,Parsons,Anta,"2013-2016, $3m",https://bleacherreport.com/articles/1892073-chandler-parsons-reportedly-ditches-nike-to-sign-with-chinese-brand-anta
392,Chandler,Parsons,Nike,before 2013,https://bleacherreport.com/articles/1892073-chandler-parsons-reportedly-ditches-nike-to-sign-with-chinese-brand-anta
393,Patrick,Patterson,,,
394,Justin,Patton,,,
395,Brandon,Paul,,,
396,Chris,Paul,Panini,,https://www.forbes.com/profile/chris-paul/#4808a82a64b2
396,Chris,Paul,Nike,,https://www.forbes.com/profile/chris-paul/#4808a82a64b2
396,Chris,Paul,Spalding,,https://www.forbes.com/profile/chris-paul/#4808a82a64b2
396,Chris,Paul,State Farm,,https://www.forbes.com/profile/chris-paul/#4808a82a64b2
396,Chris,Paul,Walt Disney,,https://www.forbes.com/profile/chris-paul/#4808a82a64b2
397,Adreian,Payne,,,
398,Cameron,Payne,,,
399,Elfrid,Payton,,,
4,Bam,Adebayo,,,
40,Marco,Belinelli,Nike,2011,https://www.sbnation.com/nba/2011/9/16/2428907/marco-belinelli-nike-back-to-the-future-shoes-cost
400,Gary,Payton,,,
401,Kendrick,Perkins,,,
402,London,Perrantes,,,
403,Alec,Peters,,,
404,Marshall,Plumlee,,,
405,Mason,Plumlee,,,
406,Miles,Plumlee,,,
407,Jakob,Poeltl,,,
408,Quincy,Pondexter,,,
409,Otto,Porter,,,
41,Jordan,Bell,,,
410,Bobby,Portis,,,
411,Kristaps,Porzingis,BodyArmor,2015,https://sponsorpitch.com/properties/kristaps-porzingis
411,Kristaps,Porzingis,Adidas,2016,https://sponsorpitch.com/properties/kristaps-porzingis
412,Dwight,Powell,,,
413,Norman,Powell,,,
414,Alex,Poythress,,,
415,Jacob,Pullen,,,
416,Rodney,Purvis,,,
417,Zhou,Qi,,,
418,Tim,Quarterman,,,
419,Ivan,Rabb,,,
42,DeAndre,Bembry,,,
420,Julius,Randle,Mountain Dew,2016,https://www.foxsports.com/nba/story/los-angeles-lakers-julius-randle-mountain-dew-endorsement-012016
421,Zach,Randolph,,,
422,Xavier,Rathan-Mayes,,,
423,J.J.,Redick,,,
424,Davon,Reed,,,
425,Willie,Reed,,,
426,Josh,Richardson,,,
427,Malachi,Richardson,,,
428,Austin,Rivers,,,
429,Andre,Roberson,,,
43,Dragan,Bender,,,
430,Devin,Robinson,,,
431,Glenn,Robinson,,,
432,Rajon,Rondo,Nike,before 2013,https://bleacherreport.com/articles/1775775-rajon-rondo-to-reportedly-leave-nike-for-chinese-company-anta?m=0
432,Rajon,Rondo,Anta,2013,https://bleacherreport.com/articles/1775775-rajon-rondo-to-reportedly-leave-nike-for-chinese-company-anta?m=0
433,Derrick,Rose,Adidas,"2012-2026, $185m",https://www.sbnation.com/2018/2/6/16980362/derrick-rose-adidas-contract-signature-shoe-endorsement-paying-brother-reggie-rose
434,Terrence,Ross,,,
435,Terry,Rozier,,,
436,Ricky,Rubio,Adidas,2012,https://minnesota.sbnation.com/minnesota-timberwolves/2012/5/11/3013937/ricky-rubio-adidas-shoes-contract
437,DAngelo,Russell,New Era,2017,https://sponsorpitch.com/properties/d-angelo-russell
438,Domantas,Sabonis,,,
439,JaKarr,Sampson,,,
44,Davis,Bertans,,,
440,Dario,Saric,,,
441,Tomas,Satoransky,,,
442,Dennis,Schroder,,,
443,Mike,Scott,,,
444,Thabo,Sefolosha,,,
445,Wayne,Selden,,,
446,Ramon,Sessions,,,
447,Iman,Shumpert,,,
448,Pascal,Siakam,,,
449,Xavier,Silas,,,
45,Patrick,Beverley,,,
450,Ben,Simmons,,,
451,Jonathon,Simmons,,,
452,Kobi,Simmons,,,
453,Kyle,Singler,,,
454,Marcus,Smart,,,
455,Dennis,Smith,,,
456,Ish,Smith,,,
457,J.R.,Smith,,,
458,Jason,Smith,,,
459,Josh,Smith,,,
46,Khem,Birch,,,
460,Tony,Snell,,,
461,Marreese,Speights,,,
462,Nik,Stauskas,,,
463,Lance,Stephenson,Nike,,
464,David,Stockton,,,
468,Jayson,Tatum,Nike,Kyrie 3 with JT logo,
469,Jayson,Tatum,Nike Jordan Brand,summer of 2019 ~ ?,
470,Jayson,Tatum,Imo's Pizza,2017/8/21 ~ ?,
471,Jayson,Tatum,Gatorade,commercials,
472,Jayson,Tatum,Honey Dew Donuts,commercials,
473,Jayson,Tatum,Abercrombie & Fitch,2019/2 ~ ?,
477,Isaiah,Thomas,Nike,,
478,Isaiah,Thomas,Zamst,2016/8/30 ~ ?,
479,Isaiah,Thomas,Sneakers,,
480,Isaiah,Thomas,Boss,,
479,Klay,Thompson,Nike,,
480,Klay,Thompson,Anta Sports Products,"2015/2 ~ 2026 a 10-year deal with Chinese shoe brand, Anta, worth $80 million.",
481,Klay,Thompson,Panini,,
482,Klay,Thompson,BodyArmor,,
483,Klay,Thompson,Electronic Arts,,
484,Klay,Thompson,Gillette,,
485,Klay,Thompson,Stance,,
486,Klay,Thompson,BMW Group,,
487,Klay,Thompson,Fanatics,,
488,Klay,Thompson,Opus Bank,,
489,Klay,Thompson,Rastaclat bracelets,,
480,Tristan,Thompson,Beats by dre,,
481,Tristan,Thompson,Compex,,
482,Tristan,Thompson,Tim Hortons,,
483,Tristan,Thompson,Neiman Marcus,,
484,Tristan,Thompson,Nike,,
485,Tristan,Thompson,Mountain Dew,,
486,Tristan,Thompson,Moët & Chandon Nectar Imperial Rose,,
483,Karl-Anthony,Towns,Nike,,
484,Karl-Anthony,Towns,Panini,,
485,Karl-Anthony,Towns,Beats By Dre,,
486,Karl-Anthony,Towns,Gatorade,,
487,Karl-Anthony,Towns,ProCamp/Hyvee,,
488,Karl-Anthony,Towns,2K Sports,,
489,Karl-Anthony,Towns,Jack Link's Beef Jerky,,
490,Karl-Anthony,Towns,Kit Kat,,
491,Karl-Anthony,Towns,Verizon,,
492,Karl-Anthony,Towns,Call of Duty (Video Game),,
484,P.J.,Tucker,Nike,,
491,Fred,VanVleet,Adidas,,
495,Dwyane,Wade,Li-Ning,2012 ~,
496,Dwyane,Wade,Converse,2004 ~ ?,
497,Dwyane,Wade,Nike Jordan Brand,2009 ~ 2012,
498,Dwyane,Wade,Gatorade,,
499,Dwyane,Wade,Hublot,,
500,Dwyane,Wade,Mission Athletecare,,
501,Dwyane,Wade,The Tie Bar,,
502,Dwyane,Wade,Stance,,
503,Dwyane,Wade,Sandals Resorts,,
504,Dwyane,Wade,New Era,,
505,Dwyane,Wade,Lids,,
506,Dwyane,Wade,DSquared2,,
507,Dwyane,Wade,Panini,,
497,Kemba,Walker,Under Armour,,
498,Kemba,Walker,Jordan Brand,,
498,John,Wall,Reebok,"a five-year, $25 million deal with Reebok (owned by Adidas), but left due to injuries early in his career and pain caused by his signature Reebok shoe",
499,John,Wall,Adidas,"a five-year endorsement deal with Adidas in 2018; a base of $4.825M in '17-18;""increases marginally"" and returns to $4.825M in '21-22;""earn millions more if he meets various bonuses.""; ""receive a base salary increase"" of $1M if he is named league MVP, and a $250,000 base increase for an All-NBA first team selection; ""injured and unable to perform,"" he is subject to ""no reductions or pro-rations for the first two years;"" Not until '19-20 must he ""play a minimum of 60 games to avoid pro-ration""",
500,John,Wall,Disney XD,,
501,John,Wall,McDonald’s,,
508,Russell,Westbrook,True Religion Apparel,,
509,Russell,Westbrook,Samsung Electronics,,
510,Russell,Westbrook,PepsiCo,,
511,Russell,Westbrook,Nike,a five-year deal he signed in 2013,
512,Russell,Westbrook,Nike Jordan Brand,a 10-year extension that would keep him with Nike’s Jordan Brand through the 2025-26 season,
513,Russell,Westbrook,Mountain Dew,,
513,Hassan,Whiteside,Nike,,
514,Hassan,Whiteside,Panini,,
515,Hassan,Whiteside,Harman International,,
514,Andrew,Wiggins,Adidas,worth at least US$2 million annually,
515,Andrew,Wiggins,Fitbit,,
516,Andrew,Wiggins,BioSteel,,
520,Lou,Williams,Peak,,
521,Lou,Williams,Ethika,,
522,Lou,Williams,FAMJUICE,,
523,Lou,Williams,Connect Inmate,,
524,Lou,Williams,Lyft,,
525,Lou,Williams,HookahBoyz,,
526,Justise,Winslow,Adidas,,
534,Nick,Young,Adidas,,
58,Devin,Booker,Nike,,
70,Jaylen,Brown,Adidas,,
79,Jimmy,Butler,Adidas,,
80,Jimmy,Butler,Nike Jordan Brand,,
98,Jordan,Clarkson,Smart Bro,,
7,LaMarcus,Aldridge,Panini,,
8,LaMarcus,Aldridge,Nike Jordan Brand,,
9,LaMarcus,Aldridge,HE Butt Grocery,,
10,LaMarcus,Aldridge,Gunn Automotive,,
87,Vince,Carter,Puma,,
88,Vince,Carter,Nike,,
94,Tyson,Chandler,Nike,,