ID,Firstname,Lastname,Position,Team,Twitter Handle,Twitter Followers,Instagram Handle,Instagram Followers
100,Antonius,Cleveland,SG,1,ac_uno1,2389,ac_uno1,7050
101,John,Collins,PF,1,jcollins20_,21.5k,jcollins20_,129k
102,Zach,Collins,C,25,zcollins_33,21.4k,zachcollins_33,92.6k
103,Kyle,Collinsworth,SF,7,bigrussia5,10.5k,collinsworth5,9474
104,Darren,Collison,PG,12,Darren_Collison,106k,darrencollison_,31.3k
105,Nick,Collison,PF,21,nickcollison4,147k,nicholascollison,104k
106,Mike,Conley,PG,15,mconley11,522k,mac11,516k
107,Pat,Connaughton,SG,25,pconnaughton,45.2k,patconnaughton,99.8k
108,Quinn,Cook,PG,10,QCook323,160k,qcook323,774k
109,Charles,Cooke,SG,19,c4_cooke,1416,c4_cooke,5290
11,Al-Farouq,Aminu,PF,25,farouq1,83k,chiefhasarrived,85.8k
110,Jack,Cooley,PF,26,,,,
111,Matt,Costello,C,27,MattCostello10,12.9k,mattcostello2410,20.6k
112,DeMarcus,Cousins,C,19,boogiecousins,1.14m,boogiecousins,3m
113,Robert,Covington,SF,23,Holla_At_Rob33,85k,atf_33,169k
114,Allen,Crabbe,SG,3,allencrabbe,34.2k,allencrabbe,73.1k
115,Torrey,Craig,SF,8,TCraig_23,4376,tcraig3_,44.5k
116,Jamal,Crawford,SG,18,Jcrossover,1.32m,,
117,Jordan,Crawford,SG,19,IAM_Jcraw,1754,iam_jcraw,33.6k
118,Jae,Crowder,SF,6,CJC9BOSS,153k,bossmann99,399k
119,Dante,Cunningham,SF,3,DlamarC33,16.2k,dlamarc33,14.4k
12,Justin,Anderson,SF,23,JusAnderson1,45.1k,jusanderson1,90.1k
120,Stephen,Curry,PG,10,StephenCurry30,13.6m,stephencurry30,26.4m
121,Troy,Daniels,SG,24,troydaniels,35.9k,troydaniels30,63.3k
122,Anthony,Davis,PF,19,AntDavis23,1.66m,antdavis23,4.1m
123,Deyonta,Davis,C,15,DeyontaDavis_04,5397,deyontadavis_231,33.3k
124,Ed,Davis,C,25,eddavisXVII,66.1k,eddavisxvii,130k
125,Dewayne,Dedmon,C,1,d_dedmon3,16.4k,d_dedmon3,52.2k
126,Sam,Dekker,PF,13,dekker,276k,samdek7,205k
127,Malcolm,Delaney,PG,1,foe23,16k,foe2304,27.5k
128,Matthew,Dellavedova,PG,17,matthewdelly,189k,matthewdelly,437k
129,Luol,Deng,SF,14,LuolDeng9,386k,luoldeng9,327k
13,Kyle,Anderson,SF,27,KyleAnderson5,52.3k,teamslowmo,136k
130,DeMar,DeRozan,SG,28,DeMar_DeRozan,644k,demar_derozan,2.5m
131,Cheick,Diallo,PF,19,cheick_diallo13,17.3k,_cd13,56.8k
132,Gorgui,Dieng,C,18,GorguiDieng,58.3k,gorguidieng,113k
133,Spencer,Dinwiddie,PG,3,SDinwiddie_25,58.7k,spencerdinwiddie,177k
134,Tyler,Dorsey,SG,1,TDORSEY_1,13.8k,tylerdorsey5,55.8k
135,Damyean,Dotson,SG,20,wholeteamDot,12.9k,wholeteamdot,44.1k
136,Milton,Doyle,SG,3,MDLU35,1907,md_trey5,42.1k
137,PJ,Dozier,PG,21,Dozier_Kid,11k,dozier_kid,37.6k
138,Goran,Dragic,PG,16,Goran_Dragic,344k,the_1_dragon,327k
139,Larry,Drew,PG,19,,,larry.light,5603
14,Ryan,Anderson,PF,11,,,rjanderson33,61.9k
140,Andre,Drummond,C,9,AndreDrummond,837k,andredrummondd,1.1m
141,Jared,Dudley,PF,24,JaredDudley619,253k,,
142,Kris,Dunn,PG,4,KrisDunn3,48.9k,,
143,Kevin,Durant,PF,10,KDTrey5,17.8m,easymoneysniper,11.3m
144,Jarell,Eddie,SF,2,,,,
145,Henry,Ellenson,PF,9,enryEllenson13,11.6k,henryellenson13,24.9k
146,Wayne,Ellington,SG,16,WayneEllington,51.4k,,
147,Joel,Embiid,C,23,JoelEmbiid,1.67m,joelembiid,3.6m
148,James,Ennis,SF,9,JamesDa_Truth,32k,biggame_08,117k
149,Tyler,Ennis,PG,14,ylerEnnis,67k,1tylerennis,132k
15,Ike,Anigbogu,C,12,IkePostrs_,7710,ikechukwu,24.7k
150,Jawun,Evans,PG,13,j3vans1_,11.4k,j3vans1,46.4k
151,Jeremy,Evans,SF,1,eremyEvans40,33.4k,,
152,Tyreke,Evans,PG,15,TyrekeEvans,191k,rekehavoc1,139k
153,Dante,Exum,PG,29,daanteee,70.2k,daanteee,157k
154,Kenneth,Faried,PF,8,KennethFaried35,385k,kennethfaried35,517k
155,Derrick,Favors,C,29,dfavors14,145k,_dfavors15,82.5k
156,Kay,Felder,PG,4,2kayzero,18k,2kayzero,118k
157,Cristiano,Felicio,C,4,amFelicio,11k,imfelicio,77.6k
158,Raymond,Felton,PG,21,RFeltonGBMS,89.4k,,
159,Terrance,Ferguson,SG,21,,,fergski23,51.4k
16,Giannis,Antetokounmpo,PF,17,Giannis_An34,755k,giannis_an34,5.8m
160,Yogi,Ferrell,SG,7,YogiFerrell11,35.5k,yogiferre11,104k
161,Dorian,Finney-Smith,PF,7,doefinney_10,6215,doedoe_10,29.1k
162,Bryn,Forbes,SG,27,BrynjForbes,19.4k,brynforbes,87.4k
163,Evan,Fournier,SF,22,EvanFourmizz,179k,evanfournier10,116k
164,DeAaron,Fox,PG,26,swipathefox,238k,swipathefox,1.3m
165,Tim,Frazier,PG,30,Timfraz23,15.5k,timfraz23,58.7k
166,Channing,Frye,C,6,channingfrye,121k,channingfrye,314k
167,Markelle,Fultz,SG,23,MarkelleF,231k,markellefultz,2.1m
168,Danilo,Gallinari,SF,13,gallinari8888,716k,danilogallogallinari,344k
169,Langston,Galloway,SG,9,LangGalloway10,24.5k,langgalloway10,99.8k
17,Carmelo,Anthony,PF,21,carmeloanthony,9.16m,carmeloanthony,6.6m
170,Marc,Gasol,C,15,MarcGasol,1.25m,marcgasol,413k
171,Pau,Gasol,C,27,paugasol,7.41m,paugasol,1.3m
172,Rudy,Gay,PF,27,RudyGay,1.27m,rudygay,779k
173,Paul,George,SF,21,Yg_Trece,2.16m,ygtrece,8m
174,Marcus,Georges-Hunt,SG,18,GTMGH3,2403,_mgh_3,6860
175,Jonathan,Gibson,PG,2,jgib4free,1741,jgiblife,8742
176,Taj,Gibson,PF,18,TajGibson22,348k,tajgibson22,451k
177,Manu,Ginobili,SG,27,manuginobili,4.88m,manuginobili,1.1m
178,Rudy,Gobert,C,29,rudygobert27,387k,rudygobert27,341k
179,Aaron,Gordon,PF,22,Double0AG,154k,youngheirgordon,980k
18,OG,Anunoby,SF,28,Oanunoby,33k,oanunoby,124k
180,Eric,Gordon,SG,11,TheofficialEG10,222k,officialeg10,298k
181,Marcin,Gortat,C,30,Mgortat,150k,mgortat13,163k
182,Treveon,Graham,SG,5,,,fr8train21,12.3k
183,Jerami,Grant,PF,21,JeramiGrant,45.9k,jeramigran,142k
184,Jerian,Grant,PG,4,JerianGrant,37.3k,jeriangrant,99k
185,Josh,Gray,PG,24,ThatsJoshGray,5097,officialjoshgray,53.7k
186,Danny,Green,SG,27,DGreen_14,587k,greenranger1,911k
187,Draymond,Green,PF,10,Money23Green,1.36m,money23green,3.4m
188,Gerald,Green,SG,11,,,g.green14,621k
189,JaMychal,Green,PF,15,Jmyke1,16.1k,roadtoriches_0,23.8k
19,Ryan,Arcidiacono,PG,4,RyArch15,46.6k,ry_arch15,78.7k
190,Jeff,Green,PF,6,unclejeffgreen,167k,unclejeffgreen,317k
191,Blake,Griffin,PF,9,blakegriffin23,4.48m,blakegriffin2,3.6m
192,Daniel,Hamilton,SG,21,,,d_ham25,6518
193,Tim,Hardaway,SG,20,T_HardJR,140k,timmyjr10,463k
194,James,Harden,SG,11,JHarden13,6.33m,jharden13,9.9m
10,Tony,Allen,SF,19,aa000G9,261k,aa000G9,261k
195,Maurice,Harkless,SF,25,moe_harkless,48.5k,moe_harkless,91k
196,Montrezl,Harrell,C,13,MONSTATREZZ,61.8k,trezz24,177k
197,Devin,Harris,PG,7,Dev34Harris,26.3k,devinharris34,33.4k
198,Gary,Harris,SG,8,thats_G_,61k,thats_g_,141k
199,Joe,Harris,SG,3,,,joeharris__12,64.9k
2,Quincy,Acy,PF,3,QuincyAcy,35.5k,quincyacy,65k
20,Trevor,Ariza,SF,11,TrevorAriza,77.4k,,
200,Tobias,Harris,PF,9,tobias31,167k,tobiasharris,405k
201,Aaron,Harrison,SG,7,AaronICE2,266k,theaaronice_ptp,166k
202,Andrew,Harrison,PG,15,DrewRoc5,231k,drewroc5,170k
203,Shaquille,Harrison,PG,24,ShaqHarrison_3,4995,shaqharrison_3,19.4k
204,Josh,Hart,SG,14,joshhart,308k,jhart,681k
205,Udonis,Haslem,C,16,ThisIsUD,408k,ud40,522k
206,Nigel,Hayes,SF,14,NIGEL_HAYES,107k,nigel_hayes,67.1k
207,Gordon,Hayward,SF,2,gordonhayward,647k,gordonhayward,1.4m
208,Reggie,Hearn,SG,9,,,,
209,Myke,Henry,SF,15,,,mykehen,2587
21,Darrell,Arthur,PF,8,DarrellArthur00,5761,d_arthur00,11.3k
210,John,Henson,C,17,Johnhenson31,119k,johnhenson31,80.6k
211,Juan,Hernangomez,PF,8,,,juanchiviris41,71.1k
212,Willy,Hernangomez,C,5,willyhg94,65.6k,willyhernangomez,285k
213,Mario,Hezonja,SF,22,mariohezonja,15.9k,supermariohezonja,83.6k
214,Isaiah,Hicks,PF,20,IDHicks,40.1k,idhicks,57k
215,Buddy,Hield,SG,26,buddyhield,118k,buddylove242,477k
216,Nene,Hilario,C,11,NeneHilario42,55.4k,nenehilario_42,169k
217,George,Hill,PG,6,George_Hill3,245k,indianageorge3,217k
218,Solomon,Hill,SF,19,solohill,27.7k,solohill,27.6k
219,Darrun,Hilliard,SG,27,DHilliard6X,5451,dhill6x,20.1k
22,Jamel,Artis,SG,22,melartis1,1993,thatboymell_,10.2k
220,Jrue,Holiday,SG,19,Jrue_Holiday11,140k,jrue_holiday11,211.7k
221,Justin,Holiday,SG,4,JustHolla7,27k,justholla7,151.2k
222,John,Holland,SF,6,Jholland_23,8221,mrhollandsopus,26.9k
223,Rondae,Hollis-Jefferson,SF,3,IamCHAP24,56.9k,chap,117k
224,Richaun,Holmes,C,23,Rich_Holmes22,25.8k,rich_holmes22,48.5k
225,Rodney,Hood,SG,6,rodneyhood,49.2k,hoodie5,227k
226,Scotty,Hopson,SG,7,Shopson32,12.4k,shopson,9630
227,Al,Horford,C,2,Al_Horford,348k,alhorford,539k
228,Danuel,House,SG,24,DanuelHouseJr,13k,dk2house,54.9k
229,Dwight,Howard,C,5,DwightHoward,6.66M,dwighthoward,1.9M
23,Omer,Asik,C,4,AsikOmer,49,,
230,Josh,Huestis,PF,21,Jhuestis,20k,jhuestis,40.2k
231,R.J.,Hunter,SG,11,,,hunter_games31,56.8k
232,Vince,Hunter,PF,15,2easy32,2218,iamvh32,7579
233,Serge,Ibaka,PF,28,sergeibaka,903k,sergeibaka,1 M
234,Andre,Iguodala,SF,10,andre,1.34 M,andre,1.8M
235,Ersan,Ilyasova,PF,1,,,ersanilyasova7,97.6k
236,Joe,Ingles,SF,29,joeingles7,155k,joeingles7,171k
237,Andre,Ingram,SG,14,,,andreingram30,30.2k
238,Brandon,Ingram,SF,14,B_Ingram13,371k,1ngram4,2M
239,Kyrie,Irving,PG,2,KyrieIrving,4.34 M,kyrieirving,13.1 M
24,D.J.,Augustin,PG,22,DJ_Augustin14,329,djaugustin,37.1k
240,Jonathan,Isaac,PF,22,JJudahisaac,21.9k,jonisaac_01,78.5k
241,Wesley,Iwundu,SF,22,_Iwundu25,11.7k,and1ref_,28.7k
242,Jarrett,Jack,PG,20,Jarretjack03,105k,jarretjack03,111k
243,Aaron,Jackson,PG,11,Aaronfingj,6703,aaronfingj,8896
244,Demetrius,Jackson,PG,11,D_Jay11,52.2k,d_jay11,43.6k
245,Josh,Jackson,SF,24,j_josh11,64k,josh_j11,315k
246,Justin,Jackson,SF,26,JJacks_44,98.8k,jjacks44,185k
247,Reggie,Jackson,PG,9,Reggie_Jackson,112k,reggie_jackson,142k
248,LeBron,James,PF,6,KingJames,43.2 M,kingjames,50.6 M
249,Mike,James,PG,19,TheNatural_05,23.3k,mrnatural_05,92.5k
25,Luke,Babbitt,SF,1,RealBabbit08,325,lukebabbit,303
250,Al,Jefferson,C,12,Aljefferson25,1634,,
251,Richard,Jefferson,SF,8,Rjeff24,40.9k,richardajefferson,125k
252,Brandon,Jennings,PG,17,,,,
253,Jonas,Jerebko,PF,29,JonasJerekbo,62k,jonasjerekbo,173k
254,Amir,Johnson,C,23,IamAmirJohnson,145k,iamamirjohnson,199.2k
255,Brice,Johnson,PF,13,bjohnson_23,88.2k,bjohnson_23,97.1k
256,Dakari,Johnson,C,21,DakariJohnson,123k,dakarijohnson,84.8k
257,James,Johnson,PF,16,IamJJ16,24.6k,james16johnson_,47.3k
258,Joe,Johnson,SF,11,TheJoeJohnson7,187k,joejohnson247,70.9k
259,Omari,Johnson,PF,15,Juice_OJ24,651,,
26,Dwayne,Bacon,SG,5,BaconDwayne1000,37.9k,dbacon,227k
260,Stanley,Johnson,SF,9,iAmSJ,64.5k,stanimal,306k
261,Tyler,Johnson,PG,16,RealTJohnson,23k,pushat305,9717
262,Wesley,Johnson,SF,13,WesJohnson4,5577,,
263,Nikola,Jokic,C,8,,,nikolajokicofficial,19.3k
264,Damian,Jones,C,10,dameology,22.8k,dameology,77.3k
265,Derrick,Jones,SF,16,TheReal1DJones,14.6k,the rea1djones,233k
266,Jalen,Jones,SF,7,JalenJones_21,5476,cantguard21,18.2k
267,Tyus,Jones,PG,18,1Tyus,155k,1tyus,404k
268,DeAndre,Jordan,C,13,Deandre,1.16 M,deandre,2.2 M
269,Cory,Joseph,PG,12,Cory_Joe,118k,coryjoseph,210k
27,Ron,Baker,SG,20,RonBaker31,149k,ronbaker620,71.9k
270,Frank,Kaminsky,PF,5,FSKPart3,229k,fskpart3,199k
271,Enes,Kanter,C,20,EnesKanter,458k,eneskanter11,473k
272,Luke,Kennard,SG,9,LukeKennard5,89.9k,lukekennard5,208k
273,Michael,Kidd-Gilchrist,SF,5,MKG14,330k,mkg14,199k
274,Sean,Kilpatrick,SG,3,SeanKilpatrick,36.3k,SeanKilpatrick,141k
275,Maxi,Kleber,PF,7,MaxiKleber,7573,maximilian.Kleber,34.9k
276,Furkan,Korkmaz,SG,23,FurkanKorkmaz,45k,furkankorkmaz,121k
277,Luke,Kornet,PF,20,bigshin32,8357,luke_kornet,12.7k
278,Kyle,Korver,SG,6,KyleKorver,247k,KKorv26,719.2k
279,Kosta,Koufos,C,26,KostaKoufas,28k,kostakoufas,30.6k
28,Wade,Baldwin,PG,25,The_Fourth_Wade,12k,_wadeiv,39.5k
280,Kyle,Kuzma,PF,14,kylekuzma,776k,kuz,3.4M
281,Mindaugas,Kuzminskas,SF,20,MKuzminskas,19.7k,mkuzminskas,79.4k
282,Skal,Labissiere,PF,26,OneBigHaitian,44.2k,skal_lab,92.7k
283,Jeremy,Lamb,SG,5,jlamb,52.3k,jeremylamb1,115k
284,Shane,Larkin,PG,2,ShaneLarkin_3,50.7k,shanelarkin_0,195K
285,Joffrey,Lauvergne,C,27,1JOLOLO,63.2k,7jololo,112.2k
286,Zach,LaVine,SG,4,ZachLaVine,299k,zachlavine8,1.8M
287,Jake,Layman,SF,25,JLayman10,17.4k,j_lay_lay,47.2k
288,T.J.,Leaf,PF,12,leafsquad22,22.1k,leafsquad,104k
289,Courtney,Lee,SG,20,CourtneyLee5,70.4k,courtneylee,155k
29,Lonzo,Ball,PG,14,zo2_,997k,z0,6.7M
290,Damion,Lee,SG,1,Dami0nLee,11.6k,dam0nlee,110k
291,Walt,Lemon,PG,19,WaltLemon,1426,lemo_jr,37.5k
292,Alex,Len,C,24,alexlen,16.7k,alex_len21,41.3k
293,Kawhi,Leonard,SF,27,kawhileonard,403k,,
294,Meyers,Leonard,C,25,MeyersLeonard,132k,meyersleonard11,212k
295,Jon,Leuer,PF,9,JonLeur,24.7k,jonleur30,22.6k
296,Caris,LeVert,SF,3,CarisLaVert,37.8k,carislavert,123.6k
297,DeAndre,Liggins,SG,17,,,dliggs14,31.3k
298,Damian,Lillard,PG,25,Dame_Lillard,1.76M,damianlillard,6.1M
299,Jeremy,Lin,PG,3,JLin7,2.53M,jlin7,1.8M
3,Steven,Adams,C,21,RealStevenAdams,212k,stevenadams,408.4k
30,J.J.,Barea,PG,7,jjbareapr,287k,jjbarea11,370k
300,Shaun,Livingston,PG,10,ShaunLivingston,303k,sdot1414,670.5k
301,Kevon,Looney,C,10,Loon_Rebel5,41.5k,looney,223k
302,Brook,Lopez,C,14,RealBrookLopez,1502,brook_lopez,4452
303,Robin,Lopez,C,4,rolopez42,154k,gustogummi88,143k
304,Kevin,Love,C,6,kevinlove,3.21M,kevinlove,3M
305,Kyle,Lowry,PG,28,klow7,869k,Kyle_Lowry7,1.5M
306,Timothe,Luwawu-Cabarrot,SF,23,timeabs,23.3k,7tlc,54.9k
307,Tyler,Lydon,PF,8,Tyler_Lydon14,13.5k,tylerlydon,40.7k
308,Trey,Lyles,PF,8,TreyLyles,113k,treylyles,169.3k
309,Shelvin,Mack,PG,22,ShelvinMack,25.5k,shelvin.mack,32.6k
31,Harrison,Barnes,PF,7,hbarnes,628k,hbarnes,1.1M
310,Josh,Magette,PG,1,joshmagette,2411,joshmagette,7437
311,Ian,Mahinmi,C,30,ianmahinmi,45.8k,ianou76,52.8k
312,Thon,Maker,C,17,ThonMaker14,50.5k,thonmaker,170.4k
313,Boban,Marjanovic,C,9,BobanMajanovic,65.9k,boban,453.4k
314,Lauri,Markkanen,PF,4,MarkkenanLauri,107k,laurimarkkenanan,312k
315,Jarell,Martin,PF,15,MartinJarell,4822,jarell_martin1,38.2k
316,Frank,Mason,PG,26,FrankMason0,120k,fmason0,170k
317,Mangok,Mathiang,C,5,M_Mango32,3536,aussiemango09,23.1k
318,Wesley,Matthews,SF,7,WessyWes23,268k,wessywes23,175.4k
319,Luc,Moute,PF,11,mbahamoute,54.3k,lucmbahmoute,57.2k
32,Will,Barton,SG,8,WillTheThrillB5,43.3k,willthethrillb5,108k
320,James,McAdoo,PF,23,jamesmcadoo,25.3k,jamesmcadoo,118.5k
321,Patrick,McCaw,SG,10,PMcCaw0,47.6k,pmccaw0,267k
322,CJ,McCollum,SG,25,CJMcCollum,334k,3jmccollum,1.2M
323,T.J.,McConnell,PG,23,TJMcConnel,54.3k,tjmcconnel,129k
324,Erik,McCree,SF,29,ErikMccree,18k,erikmcree,11.2k
325,Chris,McCullough,PF,30,,,_chrismccullough,1934
326,Doug,McDermott,SF,7,dougmcdermott,152k,dougmcd03,293k
327,JaVale,McGee,C,10,JavaleMcGee,281k,javalemcgee,1.3M
328,Rodney,McGruder,SG,16,RodneyMcGruder,7195,rodneymcgruder,8051
329,Trey,McKinney-Jones,SG,12,TreyMJ04,3756,treymj,3750
33,Nicolas,Batum,SG,5,nicolas88batum,1.02M,nicbatum88,220k
330,Alfonzo,McKinnie,SF,28,_Alvo_,14.5k,_alvo_,97.7k
331,Ben,McLemore,SG,15,BenMcLemore,100k,b_mclemore23,318k
332,Josh,McRoberts,PF,7,,,mcrobertsjosh,45
333,Jodie,Meeks,SG,30,Jmeeks20,95.7k,jmeekstreypiece,74.4k
334,Salah,Mejri,C,7,50Mejri,22.2k,50mejri,106.7k
335,Jordan,Mickey,PF,16,Jmickey_02,9444,jmick_55,43.9k
336,Khris,Middleton,SF,17,Khris22m,44.8k,k_mid22,178k
337,C.J.,Miles,SF,28,masfresco,38k,,
338,Darius,Miller,SF,19,Dmillerky,182k,dmillerky,26.2k
339,Malcolm,Miller,SF,28,MalcMilli13,7699,mlmili,21.9k
34,Jerryd,Bayless,SG,23,jeryydbayless,13.4k,jerrybayless,2940
340,Patty,Mills,PG,27,Patty_Mills,408k,balapat,349k
341,Paul,Millsap,PF,8,PaulMillsap4,67.4k,paulmilsap4,235.9k
342,Nikola,Mirotic,PF,4,NikolaMirotic33,200k,,
343,Donovan,Mitchell,SG,29,spidamitchell,499k,spidamitchell,2.4M
344,Naz,Mitrou-Long,SG,29,NazzyJML,45.5k,nvzml,35.8k
345,Malik,Monk,SG,5,AhmadMonk,101k,ahmad_monk,417k
346,Greg,Monroe,C,2,M10OSE,43.2k,moosemonroe15,127.3k
347,Luis,Montero,SG,9,luis_montero10,1345,,
348,Ben,Moore,PF,12,JaminTheFiend,2039,,
349,ETwaun,Moore,SG,19,ETwaun55,34k,etwaun_55,31.6k
35,Aron,Baynes,C,2,aronbaynes,69.7k,houseobayne,140.7k
350,Eric,Moreland,PF,9,EricMoreland15,6775,ericmoreland25,65k
351,Jaylen,Morris,SG,1,jay_morris30,1065,601.jaylen,527
352,Marcus,Morris,PF,2,MookMorris2,131k,foestar13,290.3k
353,Markieff,Morris,PF,30,Keefmorris,60.6k,foestar13,290.3k
354,Monte,Morris,PG,8,BigGameTae,8452,biggametae,118.1k
355,Johnathan,Motley,PF,7,Moneymot5,3610,moneymot5,12.9k
356,Timofey,Mozgov,C,3,MozgovTimofey,103,mozg25,194k
357,Emmanuel,Mudiay,PG,8,emmanuelmudiay,40.2k,emmanuelmudiay,383.8k
358,Shabazz,Muhammad,SG,17,ShabazzMuhammad,71.1k,bazz,120.6k
359,Xavier,Munford,SG,17,xaviermunford,2234,_xaviermunford,23.8k
36,Kent,Bazemore,SG,1,24Bazemore,61.6k,24baze,158.3k
360,Dejounte,Murray,PG,27,DejounteMurray,136k,dejountemurray,724.8k
361,Jamal,Murray,PG,8,BeMore27,86.5k,jmglitxh27,355.3k
362,Mike,Muscala,C,1,mikemuscala,15k,,
363,Abdel,Nader,SF,2,AbdelNader2,15.4k,dulenader2,52.1k
364,Larry,Nance,C,6,Larrydn22,267k,larrydn7,497k
365,Shabazz,Napier,PG,25,ShabazzNapier,61.2k,shabazznap13r,221.8k
366,Jameer,Nelson,PG,9,jameernelson,114k,jameernelson,16.1k
367,Raul,Neto,PG,29,RaulTogni,23.1k,raulneto08,108.2k
368,Georges,Niang,PF,29,GeorgesNiang20,71.1k,georgesniang,61.5k
369,Joakim,Noah,C,20,JoakimNoah,703k,stickity13,466.8k
37,Bradley,Beal,SG,30,RealDealBeal23,427k,bradbeal3,953.6k
370,Nerlens,Noel,C,7,NerlensNoel3,241k,nerlensnoel3,297.8k
371,Lucas,Nogueira,C,28,Bebe92,20.8k,estranhoqqq,141.7k
372,Dirk,Nowitzki,C,7,swish41,3.46m,swish41,848k
373,Frank,Ntilikina,PG,20,FrankLikina,70.1k,frank_ntilikina,228.3k
374,Jusuf,Nurkic,C,25,bosnianbeast27,79.9k,bosnianbeast27,396.2k
375,David,Nwaba,SG,4,dnwaba0,10.4k,davidnwaba,50k
376,Johnny,O'Bryant,PF,5,JohnnyOBryant,117,jobryant3,3052
377,Royce,O'Neale,SF,29,BucketsONeale00,26.3k,rolls_royce00,87.5k
378,Kyle,O'Quinn,C,20,Kyle_OQuinn,32.6k,kyle.oquinn,110.1k
379,Semi,Ojeleye,PF,2,semi,24.9k,semi,91.1k
38,Malik,Beasley,SG,8,,,mbeasy5,89.8k
380,Emeka,Okafor,C,19,BigMek50,21.4k,,
381,Jahlil,Okafor,C,3,JahlilOkafor,149k,jah8,577k
382,Victor,Oladipo,SG,12,VicOladipo,291k,vicoladipo,1.3m
383,Kelly,Olynyk,PF,16,KellyOlynyk,82.7k,kellyolynyk,161.7k
384,Chinanu,Onuaku,C,11,lifeofnanu_32,5135,lifeofnanu_32,32.4k
385,Cedi,Osman,SF,6,cediosman,224k,cediosman,579.6k
386,Kelly,Oubre,SF,30,KELLYOUBREJR,98.2k,kellyoubrejr,797k
387,Zaza,Pachulia,C,10,zaza27,145k,zazapachulia,311.9k
388,Marcus,Paige,PG,5,marcuspaige5,456k,marcuspaige.5,1972
389,Georgios,Papagiannis,C,25,G_P_06,3152,g_p_06,47.3k
39,Michael,Beasley,PF,20,Michael8easley,76.3k,michael8easley,313.2k
390,Jabari,Parker,PF,17,JabariParker,297k,jabariparker,519.6k
391,Tony,Parker,PG,27,tonyparker,2.18m,_tonyparker09,466.3k
392,Chandler,Parsons,SF,15,ChandlerParsons,314k,chandlerparsons,512.8k
393,Patrick,Patterson,PF,21,pdpatt,197k,pdpatt,140.3k
394,Justin,Patton,C,18,JustinPatton17,11.9k,justin_patton23,31.9k
395,Brandon,Paul,SG,27,BP3,34.5k,bpaul,37.4k
396,Chris,Paul,PG,11,CP3,7.82m,cp3,9.1m
397,Adreian,Payne,PF,22,Adreian_Payne,62.2k,adreian_payne,67.2k
398,Cameron,Payne,PG,4,campayne,22.2k,smoothcp1,126.4k
399,Elfrid,Payton,PG,22,elfrid,67.5k,elfrid,131.3k
4,Bam,Adebayo,C,16,Bam1of1,73.9k,bam1of1,213k
40,Marco,Belinelli,SG,1,marcobelinelli,610k,mbeli21,358.8k
400,Gary,Payton,PG,14,GaryPayton_20,4582,gary.payton.20,282.3k
401,Kendrick,Perkins,C,6,KendrickPerkins,151k,therealkendrickperkins,171.6k
402,London,Perrantes,PG,6,London_Tyus,16.2k,londontyus,30.3k
403,Alec,Peters,PF,24,petersalec,4299,alecpeters25,6220
404,Marshall,Plumlee,C,17,marshallplumlee,45.3k,marshallplumlee40,64.5k
405,Mason,Plumlee,C,8,masonplumlee,87.1k,plumlee_5,233
406,Miles,Plumlee,C,1,Miles_Plumlee21,612,milesplumlee,49.4k
407,Jakob,Poeltl,C,28,JakobPoeltl,1375,jakob,70k
408,Quincy,Pondexter,SF,4,QuincyPondexter,71.5k,quincypondexter,57.7k
409,Otto,Porter,SF,30,OttoPorter,2252,ottodayporter22,85.7=6k
41,Jordan,Bell,C,10,1jordanbell,82.3k,jbell,415k
410,Bobby,Portis,PF,4,BPortistime,85.9k,bportistime,123.3k
411,Kristaps,Porzingis,PF,20,kporzee,352k,kporzee,1.6m
412,Dwight,Powell,C,7,DwightPowell33,10.6k,dwightpowell,50.6k
413,Norman,Powell,SG,28,npowell2404,46k,normanpowell4,268.9k
414,Alex,Poythress,PF,12,AlexTheGreat22,212k,alexthegreat22,123.5k
415,Jacob,Pullen,PG,23,Jpullz0,21.6k,jacob_pullen0,140
416,Rodney,Purvis,SG,22,Gpurvooo,20.7k,gpurvo15,20k
417,Zhou,Qi,C,11,officialzhouqi,9021,officialzhouqi,67k
418,Tim,Quarterman,SG,11,TimQuarterman55,712,,
419,Ivan,Rabb,PF,15,YoungIvee,18.4k,young_ivee,30.3k
42,DeAndre,Bembry,SF,1,fearthefro95,8221,fearthefro95,30.6k
420,Julius,Randle,C,14,J30_RANDLE,433k,juliusrandle30,796.2k
421,Zach,Randolph,PF,26,MacBo50,192k,macbo50,157.1k
422,Xavier,Rathan-Mayes,SG,15,RathanMayes,521,xrm22,87.7k
423,J.J.,Redick,SG,23,,,,
424,Davon,Reed,SG,24,ClutchREED_5,4651,clutchreed_5,24.9k
425,Willie,Reed,C,9,thejumper_2,460,showtimereed33,27.1k
426,Josh,Richardson,SF,16,J_Rich1,64k,jrich_0,227k
427,Malachi,Richardson,SG,26,KingMali23,17.8k,kingmali23,53.3k
428,Austin,Rivers,SG,13,AustinRivers25,296k,austinjrivers,347.9k
429,Andre,Roberson,SG,21,FlyDre21,62.4k,andrelafelle7,204
43,Dragan,Bender,PF,24,DBender03,9083,draganbender35,32.3k
430,Devin,Robinson,SF,30,drob7nson,4648,devinrob1nson,29.7k
431,Glenn,Robinson,SF,12,GRIII,90.4k,glennrob3,137.2k
432,Rajon,Rondo,PG,19,RajonRondo,1.72m,rajonrondo,1.1m
433,Derrick,Rose,PG,6,drose,2.63m,drose,669.3k
434,Terrence,Ross,SG,22,T_DotFlight31,167,3tross1,358.2k
435,Terry,Rozier,PG,2,T_Rozzay3,140k,gmb_chum12,52
436,Ricky,Rubio,PG,29,rickyrubio9,2.97m,ruuufio,518k
437,DAngelo,Russell,PG,3,Dloading,507k,dloading,3.2m
438,Domantas,Sabonis,C,12,Dsabonis11,33.9k,dsabonis11,121.2k
439,JaKarr,Sampson,SF,26,KarrSampson14,4048,karrsampson14,14.6k
44,Davis,Bertans,PF,27,DBertans_42,50.4k,dbertans_42,75.4k
440,Dario,Saric,PF,23,dariosaric,34k,megalodon20,127.7k
441,Tomas,Satoransky,SG,30,satoransky,15.1k,tomasatoransky,70k
442,Dennis,Schroder,PG,1,,,ds17_fg,1.4m
443,Mike,Scott,PF,30,mikescott,53.3k,mikescottva,127.9k
444,Thabo,Sefolosha,SF,29,ThaboSefolosha,172k,vevey1800,28.3k
445,Wayne,Selden,SG,15,WayneSeldenJr,70.1k,wayneseldenjr,92.1k
446,Ramon,Sessions,PG,20,RamonsSessions,35,ramonsessions07,523
447,Iman,Shumpert,SG,6,imanshumpert,682k,imanshumpert,1.8m
448,Pascal,Siakam,PF,28,pskills43,77.6k,pskills43,560.4k
449,Xavier,Silas,SG,2,XavierSilas,73.2k,xaviersilas,21.6k
45,Patrick,Beverley,SG,13,patbev21,193k,patbev21,303.3k
450,Ben,Simmons,PG,23,BenSimmons25,823k,bensimmons,4.3m
451,Jonathon,Simmons,SG,22,ThaRealJsimms,34.8k,tharealjsimms,119.2k
452,Kobi,Simmons,PG,15,JordanKobi,14.2k,,
453,Kyle,Singler,SF,21,KyleSingler,57.8k,kylesingler,39.7k
454,Marcus,Smart,SG,2,smart_MS3,209k,youngamechanger,406.6k
455,Dennis,Smith,PG,7,Dennis1SmithJr,195k,desmith4,877.5k
456,Ish,Smith,PG,9,IshSmith,1897,ishsmith5,41.3k
457,J.R.,Smith,SG,6,TheRealJRSmith,706k,teamswish,4.4m
458,Jason,Smith,C,30,JasonSmith929,26k,jasonstix,28.7k
459,Josh,Smith,PF,19,josh_smith8,8369,noigsmoove,83.9k
46,Khem,Birch,C,22,Khem_Birch,5908,khembirch,10.7k
460,Tony,Snell,SG,17,TonySnell21_,23.8k,t.snell_,49.4k
461,Marreese,Speights,C,22,Mospeights16,272k,mspeights5,269k
462,Nik,Stauskas,SG,3,NStauskas11,115k,nikstauskas11,146k
463,Lance,Stephenson,SG,12,StephensonLance,244k,stephensonlance,1.8m
464,David,Stockton,PG,29,dstockton32,10.9k,dstockton32,13k
465,Julyan,Stone,SG,5,,,,
466,Edmond,Sumner,PG,12,EdmondSumner,9885,edmondsumner,14.2k
467,Caleb,Swanigan,PF,25,calebswanigan50,18.3k,calebswanigan50,42.1k
468,Jayson,Tatum,SF,2,jaytatum0,427k,jaytatum0,2.4m
469,Isaiah,Taylor,PG,1,Zay_Ctmd11,7704,isaiahshaquille,16.6k
47,Jabari,Bird,SG,2,Jabari_Bird,5763,jabari_bird,22.2k
470,Jeff,Teague,PG,18,Teague0,85.8k,jeffteague,121k
471,Marquis,Teague,PG,15,marquisteague25,43.4k,marquisteague12,21k
472,Mirza,Teletovic,PF,17,Teletovic33,107k,mirzateletovic12,76.4k
473,Garrett,Temple,SG,26,GTemp17,24.7k,gtemp17,41.1k
474,Milos,Teodosic,PG,13,MilosTeodosic4,81.6k,milosteodosic4,185k
475,Jason,Terry,SG,17,jasonterry31,967k,asonterry31,2437
476,Daniel,Theis,C,2,dtheis10,33.4k,dtheis10,97.5k
477,Isaiah,Thomas,PG,6,isaiahthomas,1.64m,isaiahthomas,3.6m
478,Lance,Thomas,PF,20,MrLance42,5853,mrlance42,81.4k
479,Klay,Thompson,SG,10,KlayThompson,1.34m,klaythompson,6.7m
48,Bismack,Biyombo,C,22,bismackbiyombo,54.2k,bismackbiyombo,113k
480,Tristan,Thompson,C,6,RealTristan13,668k,realtristan13,3m
481,Sindarius,Thornwell,SG,13,Sin_City_803,30.1k,s_thornwell0,59.3k
482,Anthony,Tolliver,PF,9,ATolliver44,40.7k,atolliver44,37.3k
483,Karl-Anthony,Towns,C,18,KarlTowns,476k,karltowns,2.4m
484,P.J.,Tucker,PF,11,,,pjtucker,514k
485,Evan,Turner,SF,25,,,,
486,Myles,Turner,C,12,Original_Turner,99.4k,turner_myles,178k
487,Ekpe,Udoh,C,29,EkpeUdoh,106k,ekpeudoh,155k
488,Tyler,Ulis,PG,24,tulis3,243k,tulis3,360k
489,Jonas,Valanciunas,C,28,JValanciunas,184k,jvalanciunas,258k
49,Nemanja,Bjelica,PF,18,NemanjaBjelica,40.2k,nemanjabjelica8,79.6k
490,Denzel,Valentine,SG,4,denzelvalentine,79.2k,denzelvalentine,188k
491,Fred,VanVleet,PG,28,FredVanVleet,118k,fredvanvleet,578k
492,Rashad,Vaughn,SG,3,ShowtimeMr1,16.3k,rashad_vaughn,29.3k
493,Noah,Vonleh,PF,4,NoahVonleh,28.3k,,
494,Nikola,Vucevic,C,22,NikolaVucevic,80.2k,,
495,Dwyane,Wade,SG,6,DwyaneWade,8.19m,dwyanewade,14.2m
496,Dion,Waiters,SG,16,dionwaiters3,122k,dionwaiters3,1920
497,Kemba,Walker,PG,5,KembaWalker,414k,_kw15,1.3m
498,John,Wall,PG,30,JohnWall,1.89m,johnwall,4.3m
499,Tyrone,Wallace,PG,13,TyWallace661,3766,t_wa1l,26k
5,Arron,Afflalo,SG,22,Aaa_afflalo,386,thearronafflalo,462
50,Tarik,Black,C,11,TarikBlack25,31k,tarikbblack,97.1k
500,Taurean,Waller-Prince,SF,1,taureanprince,10.6k,taureanprince,159k
501,Derrick,Walton,PG,16,DerrickWalton10,24k,dw10_,62.7k
502,Jameel,Warney,PF,7,Fullcoursemeelz,2905,jameel_warney,4480
503,T.J.,Warren,SF,24,TonyWarrenJr,44.5k,t.warren1,57.3k
504,Travis,Wear,SF,14,traviswear,3938,traviswear,17.3k
505,James,Webb,SF,3,WassupWebb,1838,jw3_23,3805
506,Briante,Weber,PG,11,Sir_deuce2,16.4k,sir_deuce2,56.2k
507,David,West,C,10,D_West30,265k,realdwest30,14.4k
508,Russell,Westbrook,PG,21,russwest44,6.13m,russwest44,13.6m
509,Andrew,White,SF,1,AndrewWhite03,16.3k,andrewwhite03,12.3k
51,Antonio,Blakeney,SG,4,blakeney96,31.1k,blakeney96,201k
510,Derrick,White,PG,27,Dwhite921,17.8k,dwhite921,70.6k
511,Okaro,White,PF,16,owhite10,3809,okarowhite,24.1k
512,Isaiah,Whitehead,PG,3,isaiahwhitehead,10.5k,isaiahwhitehead,54.6k
513,Hassan,Whiteside,C,16,youngwhiteside,192k,hassanwhiteside,716k
514,Andrew,Wiggins,SF,18,22wiggins,515k,22wiggins,1.9m
515,Jacob,Wiley,PF,3,Jwiley_24,2277,wiley_coyote0,21.5k
516,Damien,Wilkins,SF,12,dwilkins3000,20.4k,dwilk3000,47.4k
517,Alan,Williams,PF,24,alantwilliams,11.5k,alantwilliams,35.2k
518,C.J.,Williams,SG,13,C_Will21,5842,c_will_21,19.2k
519,Derrick,Williams,PF,14,DWXXIII,165k,dwxxiii,165k
52,Eric,Bledsoe,PG,17,EBled2,239k,thebledshow,596k
520,Lou,Williams,SG,13,TeamLou23,216k,louwillville,962k
521,Marvin,Williams,PF,5,,,,
522,Matt,Williams,SG,16,,,,
523,Troy,Williams,SF,11,troywilliams_,27.2k,troywilliams_,41k
524,D.J.,Wilson,PF,17,Lanky_Smoove,28.1k,lanky_smoove,117k
525,Jamil,Wilson,SF,13,jamilwilson_22,1270,jamilwilson_22,5148
526,Justise,Winslow,PF,16,IAmJustise,123k,iamjustise,637k
527,Jeff,Withey,C,7,JeffWithey,40.5k,jeffwithey,35.7k
528,Nate,Wolters,PG,29,NateWolters,22.2k,nate_wolters6,12.4k
529,Brandan,Wright,PF,11,bwright34,34.4k,bkw34,463k
53,Vander,Blue,SG,14,veezy_SQ,21.9k,slickveez,33k
530,Delon,Wright,PG,28,delonwright,31.7k,DelonWright,109k
531,Guerschon,Yabusele,PF,2,YabuseleFans,242,guerschony,74.2k
532,James,Young,SG,23,realjamesyoung,33.6k,,
533,Joe,Young,PG,12,JoeyBuckets3,25.3k,mightyjoyoung3,59.7k
534,Nick,Young,SG,10,NickSwagyPYoung,490k,swaggyp1,3.4m
535,Thaddeus,Young,PF,12,yungsmoove21,63.9k,,
536,Cody,Zeller,C,5,CodyZeller,150k,codyzeller,32.4k
537,Tyler,Zeller,C,3,ZellerTyler,49.2k,therealtyler_zeller,173
538,Paul,Zipser,SF,4,paulzzip,1442,paulzzip,26.7k
539,Ante,Zizic,C,6,Ante__Zizic,81,antezizic,60.1k
54,Bogdan,Bogdanovic,SG,26,LeaderOfHorde,240k,bogdanbogdanovic,533k
540,Ivica,Zubac,C,14,ivicazubac,109k,ivicazubac,171k
55,Bojan,Bogdanovic,SF,12,44Bojan,15.5k,44bojan,78.4k
56,Andrew,Bogut,C,14,andrewbogut,396k,andrewbogut,30k
57,Joel,Bolomboy,PF,17,,,bolomboy21,99.8k
58,Devin,Booker,SG,24,DevinBook,671k,dbook,2.4m
59,Trevor,Booker,PF,3,35_Fitz,40.8k,35_fitz,46.6k
6,Cole,Aldrich,C,18,colea45,53.2k,colea45,36k
60,Chris,Boucher,PF,10,chrisboucher,8247,slimmduck,81.3k
61,Avery,Bradley,SG,9,Avery0Bradley,3281,averybradley00,3356
62,Tony,Bradley,C,29,ToBrad1,18.7k,tobrad13,49.7k
63,Corey,Brewer,SF,14,TheCoreyBrewer,78.6k,thecoreybrewer,9730
64,Malcolm,Brogdon,PG,17,MalcomBrogdon,163,MalcomBrogdon,55
65,Aaron,Brooks,PG,18,Thirty2zero,66.3k,,
66,Dillon,Brooks,SF,15,dillonbrooks24,20.2k,dillonbrooks24,118k
67,MarShon,Brooks,SG,15,Marshon2,49.8k,marshon_brooks,27.7k
68,Anthony,Brown,SF,18,TwoShotOne,29.7k,TwoShotOne,45.4k
69,Bobby,Brown,PG,11,BBROWNLAU,34.4k,,
7,LaMarcus,Aldridge,C,27,aldridge_12,774k,aldridge_121,376k
70,Jaylen,Brown,SG,2,FCHWPO,294k,FCHWPO,1m
71,Lorenzo,Brown,PG,28,Zo_Brown,4645,officialzobrown,27.8k
72,Markel,Brown,SG,11,iMarkelBrown22,16.2k,imarkelbrown22,23.7k
73,Sterling,Brown,SG,17,,,sterlingbrown23,84.4k
74,Nicolas,Brussino,SF,1,nicoobrussino,12.5k,nicoobrussino9,37.3k
75,Thomas,Bryant,C,14,nolimittb31,32.6k,nolimittb,77.5k
76,Reggie,Bullock,SF,9,ReggieBullock35,95.2k,y0bull,199k
77,Trey,Burke,PG,20,TreyBurke,173k,treyburke,361k
78,Alec,Burks,SG,29,lecBurks10,57.6k,alecburks13,1376
79,Jimmy,Butler,SG,18,JimmyButler,615k,jimmybutler,4.3m
8,Jarrett,Allen,C,3,_bigjayy_,21.6k,_bigjayy_,103k
80,Dwight,Buycks,PG,9,DwightBuycks,18,dwightbuycks,363
81,Bruno,Caboclo,SF,26,Bruno_Caboclo,34.7k,brunofive,87.1k
82,Jose,Calderon,PG,6,JmCalderon,515k,jmcalderon8,98.5k
83,Kentavious,Caldwell-Pope,SG,14,CaldwellPope,73.7k,caldwellpope,228k
84,Isaiah,Canaan,SG,11,SiP03,44.2k,da_future3,100k
85,Clint,Capela,C,11,CapelaClint,77.3k,ccapela15,277k
86,DeMarre,Carroll,PF,3,DeMarreCarroll1,92.8k,demarrecarroll1,201k
87,Vince,Carter,SF,26,mrvincecarter15,977k,vinsanity25,35.1k
88,Michael,Carter-Williams,PG,5,MCW1,136k,mr_carter5,336k
89,Alex,Caruso,PG,14,ACFresh21,56.1k,acfresh21,142k
9,Kadeem,Allen,PG,2,,,kadeemallen5,27.9k
90,Omri,Casspi,SF,10,Casspi18,86.3k,omricasspi18,283k
91,Willie,Cauley-Stein,C,26,THEwillieCS15,231k,pr00fessortrill,591k
92,Tyler,Cavanaugh,PF,1,tycav34 ‏,2709,tycav34,5010
93,Mario,Chalmers,PG,15,mchalmers15 ‏,959k,mchalmers6,593k
94,Tyson,Chandler,C,24,tysonchandler,819k,tysonchandler,314k
95,Wilson,Chandler,SF,8,wilsonchandler,154k,,
96,Marquese,Chriss,PF,24,quese,23.1k,quese,85.4k
97,Ian,Clark,SG,19,IanClark,42.7k,iclark21,191k
98,Jordan,Clarkson,SG,6,JordanClarksons,358k,jordanclarksons,1.2m
99,Gian,Clavell,SG,7,clavelito04,4682,clavelito,15.1k
1,Alex,Abrines,SG,21,alexabrines,51k,alexabrines,152k